-- 무속인 예약 플랫폼 - Seed Data
-- password_hash = bcrypt('password123', 10)
-- ==========================================

-- =====================
-- USERS
-- =====================
INSERT INTO users (id, email, full_name, phone, role, avatar_url, password_hash, created_at) VALUES
  ('00000000-0000-0000-0000-000000000001', 'customer@test.com', '김고객', '010-1234-5678', 'customer', NULL, '$2b$10$IQ.YlRaKt5aeaVQi4tVADuTHaZmnnmfafDm5nfQjb32uo5Rxiy8Q2', '2024-01-01T00:00:00Z'),
  ('00000000-0000-0000-0000-000000000002', 'shaman@test.com', '박무속', '010-2345-6789', 'shaman', NULL, '$2b$10$IQ.YlRaKt5aeaVQi4tVADuTHaZmnnmfafDm5nfQjb32uo5Rxiy8Q2', '2024-01-01T00:00:00Z'),
  ('00000000-0000-0000-0000-000000000003', 'admin@test.com', '이관리', '010-3456-7890', 'admin', NULL, '$2b$10$IQ.YlRaKt5aeaVQi4tVADuTHaZmnnmfafDm5nfQjb32uo5Rxiy8Q2', '2024-01-01T00:00:00Z'),
  ('00000000-0000-0000-0000-000000000004', 'customer2@test.com', '이예약', '010-4567-8901', 'customer', NULL, '$2b$10$IQ.YlRaKt5aeaVQi4tVADuTHaZmnnmfafDm5nfQjb32uo5Rxiy8Q2', '2024-01-01T00:00:00Z'),
  -- shaman 2~6의 소유 유저
  ('00000000-0000-0000-0000-000000000005', 'shaman2@test.com', '김굿당', '010-5000-0002', 'shaman', NULL, '$2b$10$IQ.YlRaKt5aeaVQi4tVADuTHaZmnnmfafDm5nfQjb32uo5Rxiy8Q2', '2024-02-01T00:00:00Z'),
  ('00000000-0000-0000-0000-000000000006', 'shaman3@test.com', '이타로', '010-5000-0003', 'shaman', NULL, '$2b$10$IQ.YlRaKt5aeaVQi4tVADuTHaZmnnmfafDm5nfQjb32uo5Rxiy8Q2', '2024-03-01T00:00:00Z'),
  ('00000000-0000-0000-0000-000000000007', 'shaman4@test.com', '박작명', '010-5000-0004', 'shaman', NULL, '$2b$10$IQ.YlRaKt5aeaVQi4tVADuTHaZmnnmfafDm5nfQjb32uo5Rxiy8Q2', '2024-01-01T00:00:00Z'),
  ('00000000-0000-0000-0000-000000000008', 'shaman5@test.com', '최사주', '010-5000-0005', 'shaman', NULL, '$2b$10$IQ.YlRaKt5aeaVQi4tVADuTHaZmnnmfafDm5nfQjb32uo5Rxiy8Q2', '2024-04-01T00:00:00Z'),
  ('00000000-0000-0000-0000-000000000009', 'shaman6@test.com', '정점술', '010-5000-0006', 'shaman', NULL, '$2b$10$IQ.YlRaKt5aeaVQi4tVADuTHaZmnnmfafDm5nfQjb32uo5Rxiy8Q2', '2024-06-01T00:00:00Z');

-- =====================
-- SHAMANS
-- =====================
INSERT INTO shamans (id, user_id, business_name, description, specialties, years_experience, region, district, address, latitude, longitude, base_price, status, total_bookings, average_rating, images, created_at) VALUES
  ('10000000-0000-0000-0000-000000000001', '00000000-0000-0000-0000-000000000002', '명가점술원',
   '30년 경력의 사주, 점술 전문가입니다. 정확한 운세 풀이와 진심 어린 상담으로 많은 분들께 도움을 드리고 있습니다.',
   ARRAY['점술', '사주', '궁합'], 30, '서울특별시', '강남구', '서울특별시 강남구 테헤란로 123',
   37.5065, 127.0548, 50000, 'approved', 156, 4.8,
   ARRAY['https://images.unsplash.com/photo-1518709268805-4e9042af9f23?w=800', 'https://images.unsplash.com/photo-1526374965328-7f61d4dc18c5?w=800'],
   '2024-01-15T09:00:00Z'),

  ('10000000-0000-0000-0000-000000000002', '00000000-0000-0000-0000-000000000005', '한결굿당',
   '전통 굿과 해몽 풀이를 전문으로 하는 무속인입니다. 조상님들의 뜻을 받들어 정성스럽게 굿을 모시고 있습니다.',
   ARRAY['굿', '해몽', '풍수'], 25, '서울특별시', '종로구', '서울특별시 종로구 인사동길 45',
   37.5709, 126.9857, 80000, 'approved', 89, 4.9,
   ARRAY['https://images.unsplash.com/photo-1544005313-94ddf0286df2?w=800'],
   '2024-02-20T10:30:00Z'),

  ('10000000-0000-0000-0000-000000000003', '00000000-0000-0000-0000-000000000006', '별빛타로',
   '타로와 궁합 전문 상담사입니다. 연애, 결혼, 인간관계 고민을 함께 나누고 해결책을 찾아드립니다.',
   ARRAY['타로', '궁합'], 15, '부산광역시', '해운대구', '부산광역시 해운대구 해운대로 567',
   35.1631, 129.1635, 40000, 'approved', 234, 4.7,
   ARRAY['https://images.unsplash.com/photo-1438761681033-6461ffad8d80?w=800', 'https://images.unsplash.com/photo-1534528741775-53994a69daeb?w=800'],
   '2024-03-10T14:00:00Z'),

  ('10000000-0000-0000-0000-000000000004', '00000000-0000-0000-0000-000000000007', '대길작명소',
   '작명과 풍수 전문가입니다. 아기 이름, 개명, 상호명을 지어드리며, 집과 사무실의 좋은 기운을 찾아드립니다.',
   ARRAY['작명', '풍수', '사주'], 40, '대구광역시', '중구', '대구광역시 중구 동성로 89',
   35.8686, 128.5933, 60000, 'approved', 67, 4.6,
   ARRAY['https://images.unsplash.com/photo-1507003211169-0a1dd7228f2d?w=800'],
   '2024-01-05T08:00:00Z'),

  ('10000000-0000-0000-0000-000000000005', '00000000-0000-0000-0000-000000000008', '인천사주카페',
   '사주와 궁합을 보는 역술인입니다. 카페 같은 편안한 분위기에서 상담을 진행합니다. 젊은 분들도 편하게 방문하세요.',
   ARRAY['사주', '궁합', '타로'], 10, '인천광역시', '남동구', '인천광역시 남동구 논현로 234',
   37.4470, 126.7314, 35000, 'approved', 178, 4.5,
   ARRAY['https://images.unsplash.com/photo-1494790108377-be9c29b29330?w=800', 'https://images.unsplash.com/photo-1517841905240-472988babdf9?w=800'],
   '2024-04-01T11:00:00Z'),

  ('10000000-0000-0000-0000-000000000006', '00000000-0000-0000-0000-000000000009', '서울점술원',
   '신규 등록 무속인입니다. 승인 대기 중입니다.',
   ARRAY['점술', '해몽'], 5, '서울특별시', '마포구', '서울특별시 마포구 홍대입구역 근처',
   37.5564, 126.9236, 30000, 'pending', 0, 0,
   ARRAY[]::TEXT[],
   '2024-06-01T00:00:00Z');

-- =====================
-- BOOKINGS
-- =====================
INSERT INTO bookings (id, customer_id, shaman_id, date, time_slot, consultation_type, notes, total_price, status, rejection_reason, created_at, updated_at) VALUES
  ('20000000-0000-0000-0000-000000000001', '00000000-0000-0000-0000-000000000001', '10000000-0000-0000-0000-000000000001',
   '2025-02-15', '10:00', '사주', '2025년 신년 운세를 보고 싶습니다.', 50000, 'confirmed', NULL,
   '2025-02-10T09:00:00Z', '2025-02-10T12:00:00Z'),

  ('20000000-0000-0000-0000-000000000002', '00000000-0000-0000-0000-000000000001', '10000000-0000-0000-0000-000000000003',
   '2025-02-18', '14:00', '타로', '연애운을 봐주세요.', 40000, 'pending', NULL,
   '2025-02-12T15:00:00Z', '2025-02-12T15:00:00Z'),

  ('20000000-0000-0000-0000-000000000003', '00000000-0000-0000-0000-000000000001', '10000000-0000-0000-0000-000000000002',
   '2025-01-20', '11:00', '굿', '가족 건강을 위한 굿을 부탁드립니다.', 80000, 'completed', NULL,
   '2025-01-15T10:00:00Z', '2025-01-20T16:00:00Z'),

  ('20000000-0000-0000-0000-000000000004', '00000000-0000-0000-0000-000000000001', '10000000-0000-0000-0000-000000000004',
   '2025-02-20', '15:00', '작명', '곧 태어날 아기 이름을 지어주세요.', 60000, 'cancelled', NULL,
   '2025-02-08T11:00:00Z', '2025-02-09T09:00:00Z'),

  ('20000000-0000-0000-0000-000000000005', '00000000-0000-0000-0000-000000000001', '10000000-0000-0000-0000-000000000005',
   '2025-02-22', '13:00', '궁합', '결혼을 앞두고 궁합을 확인하고 싶습니다.', 35000, 'rejected', '해당 날짜는 개인 사정으로 상담이 어렵습니다.',
   '2025-02-11T08:00:00Z', '2025-02-11T14:00:00Z'),

  ('20000000-0000-0000-0000-000000000006', '00000000-0000-0000-0000-000000000004', '10000000-0000-0000-0000-000000000001',
   '2025-02-16', '14:00', '궁합', '궁합 상담 부탁드립니다.', 50000, 'pending', NULL,
   '2025-02-13T10:00:00Z', '2025-02-13T10:00:00Z');

-- =====================
-- CHAT ROOMS
-- =====================
INSERT INTO chat_rooms (id, customer_id, shaman_id, last_message, last_message_at, created_at) VALUES
  ('30000000-0000-0000-0000-000000000001', '00000000-0000-0000-0000-000000000001', '10000000-0000-0000-0000-000000000001',
   '네, 다음 주 화요일 10시에 뵙겠습니다.', '2025-02-14T15:30:00Z', '2025-02-10T09:00:00Z'),

  ('30000000-0000-0000-0000-000000000002', '00000000-0000-0000-0000-000000000001', '10000000-0000-0000-0000-000000000003',
   '타로 상담은 보통 40분 정도 소요됩니다.', '2025-02-13T11:20:00Z', '2025-02-12T14:00:00Z');

-- =====================
-- MESSAGES
-- =====================
INSERT INTO messages (id, room_id, sender_id, content, type, is_read, created_at) VALUES
  -- Room 1: 김고객 ↔ 명가점술원
  ('40000000-0000-0000-0000-000000000001', '30000000-0000-0000-0000-000000000001', '00000000-0000-0000-0000-000000000001',
   '안녕하세요, 사주 상담 문의드립니다.', 'text', true, '2025-02-10T09:00:00Z'),
  ('40000000-0000-0000-0000-000000000002', '30000000-0000-0000-0000-000000000001', '00000000-0000-0000-0000-000000000002',
   '안녕하세요! 명가점술원입니다. 어떤 상담을 원하시나요?', 'text', true, '2025-02-10T09:05:00Z'),
  ('40000000-0000-0000-0000-000000000003', '30000000-0000-0000-0000-000000000001', '00000000-0000-0000-0000-000000000001',
   '2025년 신년 운세를 보고 싶은데, 예약 가능한 날짜가 있을까요?', 'text', true, '2025-02-10T09:10:00Z'),
  ('40000000-0000-0000-0000-000000000004', '30000000-0000-0000-0000-000000000001', '00000000-0000-0000-0000-000000000002',
   '네, 다음 주에 화요일과 목요일 오전에 자리가 있습니다. 사주 상담은 약 1시간 정도 소요됩니다.', 'text', true, '2025-02-10T09:15:00Z'),
  ('40000000-0000-0000-0000-000000000005', '30000000-0000-0000-0000-000000000001', '00000000-0000-0000-0000-000000000001',
   '화요일 10시에 예약하고 싶습니다!', 'text', true, '2025-02-14T15:20:00Z'),
  ('40000000-0000-0000-0000-000000000006', '30000000-0000-0000-0000-000000000001', '00000000-0000-0000-0000-000000000002',
   '네, 다음 주 화요일 10시에 뵙겠습니다.', 'text', false, '2025-02-14T15:30:00Z'),

  -- Room 2: 김고객 ↔ 별빛타로
  ('40000000-0000-0000-0000-000000000007', '30000000-0000-0000-0000-000000000002', '00000000-0000-0000-0000-000000000001',
   '타로 상담은 어떻게 진행되나요?', 'text', true, '2025-02-12T14:00:00Z'),
  ('40000000-0000-0000-0000-000000000008', '30000000-0000-0000-0000-000000000002', '00000000-0000-0000-0000-000000000006',
   '안녕하세요! 별빛타로입니다. 연애, 결혼, 진로 등 궁금하신 분야에 대해 타로 카드로 상담해드립니다.', 'text', true, '2025-02-12T14:10:00Z'),
  ('40000000-0000-0000-0000-000000000009', '30000000-0000-0000-0000-000000000002', '00000000-0000-0000-0000-000000000001',
   '연애운을 보고 싶어요. 소요 시간이 어느 정도 되나요?', 'text', true, '2025-02-13T10:00:00Z'),
  ('40000000-0000-0000-0000-000000000010', '30000000-0000-0000-0000-000000000002', '00000000-0000-0000-0000-000000000006',
   '타로 상담은 보통 40분 정도 소요됩니다.', 'text', true, '2025-02-13T11:20:00Z');
